{
  "name": "fortunes-and-fables",
  "title": "Fortunes and Fables",
  "description": "A Pathfinder 2E module that expands Downtime and Social Encounters",
  "minimumCoreVersion": "0.8.6",
  "compatibleCoreVersion": "10",
  "authors": [
    {
    "name": "TheForgottenWorkshop"
    }
    ],
  "version": "0.1.0",
  "url": "https://github.com/Firgof/Fortunes-and-Fables-FVTT/",
  "download": "https://github.com/Firgof/Fortunes-and-Fables-FVTT/archive/refs/tags/prerelease.zip",
  "manifest": "https://raw.githubusercontent.com/Firgof/Fortunes-and-Fables-FVTT/main/module.json",
}
